Fish_Type,Pond_Size,Harvest_Month,Previous_Harvest_Quantity,Average_Harvest_Last_3_Records,Total_Historical_Harvest_Records,Harvest_Quantity
Tilapia,1218,8,834,877,15,735
Catfish (Hito),1470,9,1124,1015,24,1027
Catfish (Hito),713,3,545,591,28,623
Milkfish (Bangus),534,2,389,422,18,456
Tilapia,1198,9,847,933,12,860
Carp,493,5,252,230,16,283
Carp,1181,5,640,619,30,711
Carp,487,6,287,266,6,280
Carp,796,2,492,468,26,548
Milkfish (Bangus),1256,11,950,995,13,932
Carp,500,10,322,336,3,321
Milkfish (Bangus),1226,7,1012,917,15,865
Milkfish (Bangus),1086,8,902,964,16,888
Catfish (Hito),942,2,642,564,18,660
Carp,518,4,339,316,14,337
Carp,602,12,372,378,11,402
Carp,1081,5,680,621,14,651
Tilapia,362,10,231,211,23,222
Carp,440,6,257,249,22,247
Catfish (Hito),1038,8,655,590,13,652
Milkfish (Bangus),1386,6,1033,1159,22,1150
Milkfish (Bangus),1146,10,867,776,15,881
Tilapia,820,9,488,498,8,449
Milkfish (Bangus),1321,1,1133,1113,24,1209
Tilapia,980,2,537,525,21,550
Tilapia,867,3,488,438,12,535
Carp,463,4,282,270,28,321
Milkfish (Bangus),278,2,235,252,29,247
Milkfish (Bangus),858,9,800,815,16,755
Carp,583,12,346,341,12,329
Milkfish (Bangus),1283,1,923,936,28,956
Catfish (Hito),1090,2,821,869,10,925
Milkfish (Bangus),384,8,298,262,28,279
Catfish (Hito),714,4,571,544,26,675
Catfish (Hito),613,8,418,466,17,396
Catfish (Hito),306,4,263,289,15,312
Carp,1364,3,777,740,28,894
Milkfish (Bangus),1077,5,771,820,13,852
Tilapia,1421,12,771,838,9,798
Catfish (Hito),474,5,391,360,19,396
Carp,1222,4,698,633,30,712
Tilapia,537,4,362,327,6,383
Carp,1118,10,584,630,19,627
Tilapia,1174,10,646,717,6,658
Carp,626,2,387,432,16,417
Carp,1406,6,808,836,3,746
Catfish (Hito),425,9,360,369,14,364
Catfish (Hito),1256,6,971,849,16,845
Milkfish (Bangus),1287,4,954,962,25,1130
Carp,1335,10,738,714,19,714
Tilapia,1065,12,655,612,27,650
Carp,1183,11,597,529,25,611
Milkfish (Bangus),432,3,343,311,26,401
Catfish (Hito),457,2,304,274,10,294
Catfish (Hito),319,3,206,211,7,241
Carp,742,10,435,477,11,466
Catfish (Hito),304,6,209,196,8,206
Carp,770,4,433,436,4,453
Tilapia,1292,2,898,804,4,936
Carp,1379,3,851,913,30,995
Catfish (Hito),1224,9,883,886,6,885
Carp,828,10,503,472,13,449
Milkfish (Bangus),847,2,642,620,14,676
Catfish (Hito),659,6,511,484,13,525
Catfish (Hito),1396,11,936,945,16,1017
Milkfish (Bangus),1066,3,878,908,25,961
Tilapia,1169,1,767,839,8,773
Carp,1018,8,627,559,5,587
Catfish (Hito),421,12,341,350,29,377
Carp,1244,12,657,672,29,670
Catfish (Hito),1020,3,750,764,7,817
Catfish (Hito),903,9,714,712,24,694
Tilapia,1414,11,766,684,6,771
Catfish (Hito),773,12,594,568,24,649
Carp,1203,8,659,628,10,576
Carp,434,2,253,246,29,285
Tilapia,941,12,640,637,29,656
Catfish (Hito),1484,1,1186,1068,23,1249
Carp,1046,2,619,649,6,613
Tilapia,818,9,485,480,26,473
Tilapia,627,7,434,390,28,428
Tilapia,1349,9,912,819,10,884
Tilapia,1082,2,591,652,21,633
Tilapia,551,6,382,352,7,380
Milkfish (Bangus),1070,11,743,656,4,743
Carp,1252,12,788,698,9,799
Carp,1410,2,844,918,24,871
Milkfish (Bangus),502,2,422,449,6,468
Tilapia,1314,6,866,796,7,780
Tilapia,1138,7,731,646,30,685
Tilapia,302,3,208,190,27,209
Carp,479,5,281,301,30,331
Carp,966,6,634,601,7,601
Catfish (Hito),1125,4,913,830,21,976
Catfish (Hito),755,11,489,442,16,472
Tilapia,631,8,416,430,14,388
Tilapia,761,11,495,471,9,448
Milkfish (Bangus),773,6,587,598,16,604
Catfish (Hito),1128,7,846,805,21,825
Milkfish (Bangus),936,3,797,768,15,863
Carp,1171,7,755,756,27,717
Milkfish (Bangus),1250,3,1112,1110,11,1124
Tilapia,340,11,191,180,26,192
Milkfish (Bangus),466,9,420,367,11,396
Catfish (Hito),1321,5,840,862,13,890
Catfish (Hito),706,7,594,636,29,561
Carp,1110,2,616,638,22,629
Catfish (Hito),511,10,340,311,17,348
Carp,1487,12,922,1040,18,940
Catfish (Hito),810,11,516,550,13,544
Milkfish (Bangus),837,12,624,691,7,635
Catfish (Hito),541,3,399,408,11,441
Tilapia,355,4,253,262,9,288
Milkfish (Bangus),1088,10,769,742,24,782
Carp,673,12,393,421,26,453
Milkfish (Bangus),881,6,744,812,28,756
Catfish (Hito),874,11,560,545,17,616
Catfish (Hito),1039,5,712,655,7,696
Catfish (Hito),1410,9,939,963,15,850
Milkfish (Bangus),597,3,519,584,22,615
Carp,847,12,553,584,24,628
Catfish (Hito),1228,6,775,821,27,813
Catfish (Hito),941,12,777,875,21,811
Carp,1167,12,637,575,23,605
Catfish (Hito),1222,12,999,990,16,1091
Tilapia,764,1,424,430,25,491
Milkfish (Bangus),1406,6,970,938,26,924
Milkfish (Bangus),386,12,347,371,21,392
Catfish (Hito),1175,5,727,677,25,826
Tilapia,1323,6,817,855,3,749
Carp,752,9,463,431,28,461
Catfish (Hito),685,10,472,483,26,474
Tilapia,593,7,343,306,27,317
Milkfish (Bangus),1147,6,1071,1014,25,1011
Catfish (Hito),421,2,360,379,19,392
Tilapia,740,6,469,424,28,446
Tilapia,334,5,185,183,8,210
Carp,679,6,454,483,14,453
Carp,605,5,328,313,28,390
Milkfish (Bangus),912,12,770,801,23,795
Carp,551,4,292,320,12,335
Tilapia,952,4,648,638,25,720
Carp,1494,8,920,1016,21,936
Milkfish (Bangus),481,3,356,370,18,442
Carp,891,12,445,499,15,470
Milkfish (Bangus),301,1,222,219,9,238
Carp,641,1,333,323,4,326
Carp,1123,6,606,589,8,588
Tilapia,252,4,182,158,6,187
Milkfish (Bangus),862,1,696,746,12,795
Catfish (Hito),575,3,391,389,12,450
Milkfish (Bangus),535,9,506,447,12,448
Carp,1140,3,565,512,7,654
Tilapia,261,12,146,131,8,152
Milkfish (Bangus),552,2,475,518,18,486
Milkfish (Bangus),1317,7,953,1020,20,1013
Milkfish (Bangus),568,3,469,481,28,576
Tilapia,702,9,422,454,25,436
Milkfish (Bangus),520,7,412,367,14,350
Catfish (Hito),683,5,451,477,3,524
Milkfish (Bangus),1173,10,1062,1088,11,964
Carp,429,9,230,231,22,246
Milkfish (Bangus),255,12,249,254,3,236
Catfish (Hito),1372,2,982,1013,27,1045
Catfish (Hito),313,6,220,229,19,238
Tilapia,272,1,162,178,19,175
Catfish (Hito),1014,3,709,741,18,835
Carp,959,4,635,622,24,701
Carp,265,1,160,156,25,158
Carp,1362,8,814,740,14,783
Milkfish (Bangus),473,9,440,488,8,409
Milkfish (Bangus),837,11,769,745,23,764
Tilapia,1177,8,792,806,23,700
Carp,1380,9,851,763,27,747
Milkfish (Bangus),1180,6,1094,1059,3,1061
Carp,1360,8,729,750,14,709
Milkfish (Bangus),761,1,713,707,19,699
Milkfish (Bangus),721,5,532,486,14,592
Tilapia,674,1,396,355,29,432
Catfish (Hito),1352,5,872,801,10,939
Tilapia,835,6,455,453,10,495
Tilapia,1066,9,587,549,16,547
Milkfish (Bangus),1206,4,1094,1232,27,1387
Milkfish (Bangus),1442,8,1027,975,5,964
Milkfish (Bangus),371,10,324,328,26,306
Tilapia,566,6,400,409,7,403
Catfish (Hito),620,11,443,473,13,482
Tilapia,508,8,289,319,29,277
Milkfish (Bangus),580,3,438,428,26,494
Tilapia,556,11,393,432,22,400
Catfish (Hito),914,9,612,558,9,612
Tilapia,1360,1,839,837,24,898
Milkfish (Bangus),921,10,673,608,15,698
Tilapia,853,11,483,490,29,489
Tilapia,566,11,321,355,3,331
Carp,1010,1,566,570,16,572
Carp,1486,2,897,890,25,908
Carp,1401,9,685,657,12,697
Catfish (Hito),1029,1,807,747,24,877
Catfish (Hito),797,4,495,558,20,587
Carp,327,5,174,158,15,192
Milkfish (Bangus),741,2,581,615,28,654
Milkfish (Bangus),1075,8,869,971,19,840
Catfish (Hito),471,2,386,340,21,387
Milkfish (Bangus),1366,9,1258,1268,23,1227
Tilapia,628,5,384,408,29,437
Carp,952,2,553,611,23,617
Tilapia,1059,5,642,632,12,657
Carp,364,4,227,237,21,240
Carp,658,10,419,458,8,399
Carp,1085,3,582,527,6,598
Milkfish (Bangus),1094,11,811,820,28,884
Carp,1442,7,754,778,20,722
Catfish (Hito),1471,7,1094,958,14,960
Catfish (Hito),1344,12,937,1043,20,1091
Milkfish (Bangus),653,11,542,561,18,544
Carp,555,5,370,403,28,449
Tilapia,1181,12,790,786,24,815
Catfish (Hito),550,8,381,357,21,362
Milkfish (Bangus),762,4,691,756,9,744
Milkfish (Bangus),259,1,240,261,12,241
Catfish (Hito),1218,8,841,950,6,785
Carp,442,1,272,303,14,320
Catfish (Hito),337,12,274,257,6,287
Tilapia,1079,6,739,677,6,678
Catfish (Hito),940,3,719,747,17,863
Tilapia,1500,1,803,851,17,960
Milkfish (Bangus),648,4,528,466,15,584
Carp,692,4,446,484,25,510
Milkfish (Bangus),652,3,592,591,23,691
Milkfish (Bangus),430,7,318,290,27,307
Milkfish (Bangus),334,7,240,236,4,241
Tilapia,293,5,208,190,21,206
Tilapia,1326,4,825,894,26,909
Milkfish (Bangus),743,7,571,609,23,573
Catfish (Hito),1188,9,816,756,16,733
Catfish (Hito),1190,12,745,682,6,723
Tilapia,1279,1,905,819,14,913
Tilapia,811,12,570,641,14,647
Milkfish (Bangus),490,8,431,407,9,404
Tilapia,958,9,660,696,18,591
Catfish (Hito),311,12,232,217,19,234
Milkfish (Bangus),1198,2,988,958,26,1022
Tilapia,902,2,578,605,11,583
Milkfish (Bangus),251,1,239,248,8,234
Carp,1363,2,767,854,16,802
Milkfish (Bangus),519,6,395,414,19,391
Carp,374,5,218,199,8,216
Catfish (Hito),1326,3,902,797,11,931
Milkfish (Bangus),581,12,443,487,20,527
Catfish (Hito),374,10,247,254,6,233
Tilapia,1316,12,888,894,24,997
Milkfish (Bangus),305,3,245,273,14,289
Carp,1258,12,820,819,7,823
Milkfish (Bangus),1464,12,1133,1158,13,1125
Catfish (Hito),651,3,422,462,8,498
Catfish (Hito),698,9,501,519,14,523
Carp,1416,9,759,749,13,740
Milkfish (Bangus),827,4,694,661,21,751
Tilapia,723,7,413,437,5,397
Carp,518,10,330,309,18,329
Carp,1410,3,837,740,19,940
Carp,740,2,443,386,28,424
Carp,1101,11,543,577,18,617
Tilapia,871,3,467,502,16,535
Carp,1349,12,780,733,13,746
Milkfish (Bangus),1219,2,997,1117,16,1204
Carp,1320,11,771,847,8,782
Tilapia,376,5,242,246,25,291
Catfish (Hito),1009,11,700,685,14,664
Carp,1244,3,663,630,26,784
Tilapia,279,12,179,188,17,181
Catfish (Hito),1086,2,808,712,13,813
Carp,903,12,467,430,9,467
Tilapia,371,7,233,252,29,252
Tilapia,350,7,252,260,21,237
Tilapia,789,5,504,569,4,611
Catfish (Hito),300,3,211,233,22,230
Milkfish (Bangus),1420,10,1006,891,26,1036
Carp,444,9,297,302,17,277
Carp,806,12,536,510,4,500
Catfish (Hito),607,3,393,430,30,488
Catfish (Hito),1288,2,1010,1126,30,1071
Carp,1245,4,719,794,18,908
Milkfish (Bangus),1131,10,907,880,16,864
Tilapia,739,2,409,439,5,454
Tilapia,1414,11,745,679,20,722
Milkfish (Bangus),1470,10,1179,1313,9,1289
Tilapia,545,7,313,277,4,272
Tilapia,961,5,609,629,28,654
Catfish (Hito),1251,11,989,1104,20,1010
Tilapia,363,6,230,257,9,233
Milkfish (Bangus),1214,2,889,847,18,984
Tilapia,1091,2,624,660,15,660
Catfish (Hito),1421,10,885,885,8,885
Tilapia,885,12,640,637,15,647
Carp,777,12,467,434,4,473
Catfish (Hito),313,8,232,256,30,232
Catfish (Hito),325,10,254,272,26,255
Milkfish (Bangus),1048,3,889,854,26,999
Carp,1090,12,602,591,29,673
Milkfish (Bangus),882,1,717,664,23,773
Milkfish (Bangus),414,5,362,386,8,425
Catfish (Hito),591,7,495,451,6,416
Milkfish (Bangus),614,4,571,610,17,670
Carp,469,10,277,251,13,252
Tilapia,635,5,411,433,6,421
Milkfish (Bangus),851,3,754,816,24,852
Milkfish (Bangus),1276,4,986,903,9,1066
Milkfish (Bangus),740,9,660,628,9,586
Milkfish (Bangus),413,1,328,316,15,330
Catfish (Hito),1204,1,859,891,29,993
Catfish (Hito),1499,6,1177,1302,20,1258
Milkfish (Bangus),826,10,583,579,5,581
Milkfish (Bangus),759,6,639,694,18,615
Catfish (Hito),531,3,434,489,25,532
Tilapia,1363,2,812,763,11,865
Catfish (Hito),1424,6,1022,968,12,933
Tilapia,494,9,360,351,4,346
Tilapia,1102,9,619,669,8,597
Carp,1392,10,829,897,6,787
Carp,595,5,326,320,30,364
Catfish (Hito),566,10,452,438,24,460
Carp,516,9,312,352,3,286
Tilapia,510,11,358,319,17,336
Milkfish (Bangus),1184,2,870,801,13,908
Milkfish (Bangus),849,9,730,766,27,778
Tilapia,765,8,546,510,14,506
Tilapia,1193,12,732,675,5,693
Milkfish (Bangus),830,3,746,825,11,881
Catfish (Hito),582,8,398,360,10,389
Catfish (Hito),752,12,607,591,9,564
Tilapia,452,10,316,292,20,318
Catfish (Hito),1314,3,857,757,26,989
Catfish (Hito),632,2,501,453,20,536
Tilapia,1424,2,856,940,23,974
Carp,1181,1,726,686,25,702
Carp,548,4,324,331,17,363
Carp,1234,12,650,690,28,740
Milkfish (Bangus),904,10,809,906,8,840
Carp,1398,2,756,783,30,845
Tilapia,1484,3,881,967,5,967
Catfish (Hito),1235,8,1007,1108,13,928
Tilapia,1213,3,774,806,12,906
Carp,280,6,178,181,9,174
Milkfish (Bangus),319,6,300,263,12,271
Milkfish (Bangus),1432,11,1231,1153,4,1247
Tilapia,1183,9,671,676,27,700
Carp,557,10,282,316,9,307
Tilapia,1045,5,658,654,23,720
Tilapia,1051,4,732,791,8,805
Carp,973,2,642,710,6,739
Carp,665,10,357,319,7,317
Milkfish (Bangus),339,1,250,226,30,281
Catfish (Hito),975,2,732,805,24,841
Milkfish (Bangus),903,12,731,702,22,756
Tilapia,462,6,276,251,25,261
Carp,1303,9,782,854,12,716
Carp,1207,3,631,662,11,766
Tilapia,619,12,370,375,18,403
Milkfish (Bangus),1013,2,738,775,20,857
Catfish (Hito),1103,8,779,761,5,670
Carp,528,4,335,312,15,381
Milkfish (Bangus),932,1,759,759,24,827
Catfish (Hito),1410,12,1005,1031,16,1099
Tilapia,339,5,218,242,17,250
Catfish (Hito),835,12,599,549,29,590
Tilapia,369,8,234,250,3,231
Catfish (Hito),290,3,195,217,18,218
Milkfish (Bangus),1033,3,880,859,12,990
Tilapia,538,3,345,368,28,421
Milkfish (Bangus),1499,10,1118,1046,9,1034
Catfish (Hito),978,10,811,816,30,812
Catfish (Hito),1325,5,857,863,29,1030
Tilapia,629,12,460,517,15,523
Catfish (Hito),1248,12,841,852,10,894
Tilapia,882,7,540,575,20,519
Milkfish (Bangus),663,7,500,546,6,492
Tilapia,535,2,348,305,24,348
Tilapia,471,4,282,250,21,288
Carp,977,10,624,568,3,578
Tilapia,806,9,444,479,15,481
Tilapia,263,7,192,194,8,167
Carp,503,10,318,326,21,337
Carp,868,7,501,483,11,447
Catfish (Hito),307,2,244,214,12,242
Catfish (Hito),1055,3,822,889,20,962
Tilapia,378,11,252,235,16,229
Carp,529,7,305,279,15,296
Catfish (Hito),1408,6,1123,982,8,1091
Catfish (Hito),1440,7,1096,1230,3,1128
Tilapia,1464,3,781,852,18,939
Carp,1019,6,601,546,14,593
Catfish (Hito),343,9,283,281,23,269
Catfish (Hito),640,12,504,486,30,495
Milkfish (Bangus),524,9,498,528,15,457
Carp,1325,8,832,776,13,758
Milkfish (Bangus),1409,2,1194,1345,10,1249
Milkfish (Bangus),360,9,290,257,21,270
Carp,1192,2,648,706,10,725
Milkfish (Bangus),1304,1,1193,1239,15,1169
Milkfish (Bangus),1357,9,972,885,16,953
Tilapia,309,7,179,176,11,170
Catfish (Hito),902,4,563,579,10,643
Milkfish (Bangus),1064,10,741,693,6,718
Milkfish (Bangus),742,10,593,597,25,606
Tilapia,277,8,171,168,17,152
Tilapia,1229,11,651,668,29,732
Carp,606,10,371,413,25,413
Catfish (Hito),302,5,229,208,15,234
Tilapia,1485,3,893,972,3,977
Tilapia,850,2,532,481,30,522
Catfish (Hito),1432,12,1012,904,10,990
Tilapia,1413,9,987,925,17,905
Catfish (Hito),1325,2,878,959,15,974
Milkfish (Bangus),913,11,680,645,30,651
Milkfish (Bangus),740,7,647,593,8,599
Milkfish (Bangus),579,7,462,488,12,449
Catfish (Hito),701,2,525,486,26,589
Milkfish (Bangus),678,9,563,508,4,490
Catfish (Hito),1184,5,924,1029,6,1044
Tilapia,1138,5,811,778,22,813
Tilapia,899,10,511,526,17,479
Tilapia,1410,8,744,668,10,660
Milkfish (Bangus),592,10,462,425,3,429
Milkfish (Bangus),731,12,575,514,12,534
Tilapia,502,4,370,411,24,429
Carp,915,12,574,614,11,636
Milkfish (Bangus),1370,3,1187,1282,15,1293
Tilapia,1412,6,993,1062,5,909
Milkfish (Bangus),1070,2,943,1016,3,1027
Catfish (Hito),1321,5,875,855,5,879
Catfish (Hito),810,6,571,560,10,596
Tilapia,588,11,367,351,28,374
Tilapia,772,6,489,445,10,453
Catfish (Hito),957,7,760,712,14,742
Tilapia,1231,6,838,760,30,806
Catfish (Hito),462,3,351,330,25,408
Carp,394,5,250,222,18,263
Tilapia,1270,1,786,737,4,814
Milkfish (Bangus),398,5,376,345,29,386
Tilapia,985,5,606,552,23,608
Catfish (Hito),1500,10,1173,1167,15,1202
Carp,359,11,242,270,6,240
Milkfish (Bangus),694,9,562,517,15,559
Carp,566,6,291,256,22,293
Tilapia,674,8,377,421,21,399
Milkfish (Bangus),1346,6,1023,988,6,1005
Milkfish (Bangus),621,11,498,466,4,478
Tilapia,496,9,331,321,10,302
Catfish (Hito),917,12,641,655,24,740
Milkfish (Bangus),902,2,807,714,28,819
Carp,1123,7,636,569,30,600
Tilapia,408,9,264,279,24,278
Catfish (Hito),1036,12,803,875,20,913
Tilapia,295,2,175,191,18,204
Milkfish (Bangus),775,1,610,643,8,625
Catfish (Hito),367,6,295,272,27,275
Tilapia,1466,2,925,878,22,945
Catfish (Hito),299,1,193,168,23,209
Carp,1437,4,804,801,24,907
Tilapia,656,10,409,420,17,435
Catfish (Hito),1494,10,1014,930,5,933
Tilapia,609,4,420,419,7,490
Carp,290,12,169,150,4,160
Milkfish (Bangus),1483,4,1076,1096,8,1230
Carp,976,2,620,561,13,619
Tilapia,1112,3,665,676,27,706
Milkfish (Bangus),463,9,416,393,4,393
Tilapia,333,12,237,212,27,218
Carp,320,7,176,178,26,172
Milkfish (Bangus),1245,11,1006,1134,16,1011
Catfish (Hito),1289,12,910,1002,4,999
Carp,1107,10,620,599,10,601
Milkfish (Bangus),828,6,644,602,12,613
Tilapia,437,10,290,262,27,286
Carp,1310,2,666,581,9,640
Milkfish (Bangus),1203,3,841,895,30,935
Carp,990,5,548,478,24,591
Tilapia,1490,12,824,743,10,844
Catfish (Hito),996,3,774,853,25,934
Tilapia,559,7,336,321,18,341
Catfish (Hito),1103,11,772,780,30,804
Milkfish (Bangus),384,5,327,290,9,361
Carp,404,2,260,232,8,277
Carp,1157,2,701,725,4,773
Tilapia,1286,11,813,776,23,839
Tilapia,1447,1,928,913,19,1007
Milkfish (Bangus),1498,6,1087,1098,7,1088
Carp,965,1,542,554,4,578
Milkfish (Bangus),1072,8,911,980,23,904
Carp,922,1,471,443,19,503
Carp,1342,7,668,684,22,636
Tilapia,1168,11,745,762,26,749
Catfish (Hito),808,11,629,632,27,627
Milkfish (Bangus),313,10,241,233,7,252
Milkfish (Bangus),881,12,639,613,9,701
Carp,729,11,466,419,24,458
Carp,1449,3,707,785,14,890
Catfish (Hito),903,12,598,648,18,659
Tilapia,292,8,215,233,22,199
Carp,316,8,214,216,29,206
Carp,828,9,427,383,14,386
Milkfish (Bangus),1296,5,958,971,7,1012
Milkfish (Bangus),454,5,367,379,18,439
Milkfish (Bangus),438,12,413,449,28,454
Catfish (Hito),1025,8,781,683,20,746
Carp,982,3,547,477,24,586
Milkfish (Bangus),884,1,693,648,15,721
Carp,719,1,380,362,30,397
Catfish (Hito),929,3,702,784,16,779
Catfish (Hito),1116,12,744,737,3,713
Carp,1022,8,633,636,21,603
Milkfish (Bangus),745,6,543,565,4,597
Milkfish (Bangus),269,8,246,267,18,238
Tilapia,1025,4,709,640,22,810
Milkfish (Bangus),282,4,209,192,26,219
Catfish (Hito),807,11,529,523,12,534
Carp,1210,8,723,652,28,638
Catfish (Hito),1392,6,957,1067,5,1054
Milkfish (Bangus),764,11,625,666,21,607
Tilapia,430,6,255,266,20,257
Milkfish (Bangus),1359,12,1089,1166,25,1142
Tilapia,868,4,606,657,8,728
Milkfish (Bangus),1347,11,994,1106,29,1104
Tilapia,778,9,469,443,18,429
Carp,353,8,235,243,16,221
Tilapia,786,3,454,492,16,503
Catfish (Hito),1146,10,839,919,24,834
Carp,1352,5,835,871,23,976
Tilapia,1492,3,995,1059,14,1098
Carp,1409,3,812,729,14,818
Milkfish (Bangus),1301,9,1014,947,14,953
Catfish (Hito),1258,5,780,796,28,898
Milkfish (Bangus),1018,7,807,801,15,780
Tilapia,876,2,604,643,16,638
Catfish (Hito),1251,7,799,816,26,769
Carp,1174,5,706,661,9,740
Tilapia,1436,5,977,1101,13,1164
Tilapia,457,10,253,246,25,272
Carp,1111,9,616,666,17,638
Tilapia,835,7,484,443,27,471
Carp,1465,1,764,692,9,825
Carp,533,4,362,316,17,380
Catfish (Hito),890,12,618,604,25,619
Milkfish (Bangus),1176,11,849,826,24,938
Carp,253,9,154,148,11,139
Catfish (Hito),825,10,606,639,8,608
Carp,366,4,197,211,26,231
Milkfish (Bangus),1229,3,900,899,8,929
Carp,531,1,346,308,23,367
Milkfish (Bangus),1247,11,1067,1115,27,1111
Milkfish (Bangus),1066,10,765,728,28,719
Catfish (Hito),1431,7,1063,1157,15,1118
Milkfish (Bangus),452,4,425,375,25,470
Catfish (Hito),693,8,510,478,21,444
Milkfish (Bangus),396,10,348,335,5,314
Carp,1115,3,648,721,22,740
Catfish (Hito),1295,9,987,1112,5,1023
Tilapia,975,7,584,611,20,600
Milkfish (Bangus),1498,1,1037,1063,16,1068
Milkfish (Bangus),556,8,498,457,12,421
Tilapia,306,3,210,185,27,205
Milkfish (Bangus),948,7,800,787,10,797
Carp,610,9,311,348,22,351
Carp,1174,1,615,665,16,708
Tilapia,527,11,334,362,15,361
Milkfish (Bangus),1054,12,801,774,21,782
Tilapia,1234,5,749,699,15,763
Milkfish (Bangus),985,11,701,750,9,729
Catfish (Hito),725,4,581,554,15,656
Milkfish (Bangus),1425,6,1117,1189,21,1143
Carp,768,9,424,381,17,392
Carp,404,11,245,272,14,238
Carp,1027,11,507,474,15,486
Carp,521,2,299,301,10,296
Tilapia,452,3,295,282,5,317
Milkfish (Bangus),527,5,500,449,3,473
Tilapia,433,11,289,297,30,323
Catfish (Hito),360,5,245,253,30,279
Tilapia,730,6,414,468,29,442
Catfish (Hito),1061,4,662,735,30,827
Catfish (Hito),1131,11,819,856,7,827
Milkfish (Bangus),443,10,413,363,9,387
Carp,1500,7,758,792,3,685
Tilapia,987,4,634,612,22,729
Catfish (Hito),993,7,731,803,8,731
Carp,840,9,428,400,12,379
Tilapia,1484,11,991,905,9,910
Catfish (Hito),773,2,615,688,12,719
Carp,442,2,235,260,24,273
Tilapia,670,9,364,340,7,372
Tilapia,1247,8,678,694,30,649
Carp,929,5,503,513,11,531
Milkfish (Bangus),836,3,613,681,21,731
Milkfish (Bangus),1275,3,1093,1154,21,1304
Tilapia,1017,10,559,575,10,527
Catfish (Hito),551,6,413,377,4,394
Catfish (Hito),1239,12,833,843,26,907
Tilapia,841,10,484,545,21,480
Catfish (Hito),1287,8,845,899,19,778
Milkfish (Bangus),1218,8,870,775,19,842
Milkfish (Bangus),616,4,554,583,27,616
Carp,1136,10,572,546,29,554
Milkfish (Bangus),741,5,610,621,23,661
Milkfish (Bangus),426,5,398,408,10,420
Milkfish (Bangus),1238,5,926,861,4,1062
Tilapia,1133,9,599,550,20,594
Carp,725,3,458,452,28,526
Tilapia,1470,3,936,1037,15,1027
Tilapia,1359,6,872,936,5,885
Carp,869,6,452,419,20,433
Tilapia,997,10,576,633,15,585
Tilapia,807,11,461,489,14,483
Milkfish (Bangus),270,7,251,266,29,259
Tilapia,1384,8,877,902,12,794
Tilapia,527,3,354,380,6,410
Catfish (Hito),645,12,468,473,8,519
Milkfish (Bangus),1344,3,1193,1338,28,1375
Carp,309,4,179,168,5,184
Carp,1442,3,926,989,8,1038
Tilapia,1095,7,712,654,12,691
Milkfish (Bangus),627,9,556,579,10,529
Milkfish (Bangus),1041,2,894,841,7,883
Catfish (Hito),452,12,319,315,12,316
Catfish (Hito),491,4,323,339,18,409
Tilapia,783,3,436,384,28,497
Catfish (Hito),1202,7,744,798,26,747
Tilapia,629,8,461,409,7,419
Milkfish (Bangus),1050,1,911,996,23,945
Milkfish (Bangus),251,2,204,184,19,203
Milkfish (Bangus),665,1,480,532,4,518
Carp,1478,2,743,785,30,867
Tilapia,1113,3,628,558,5,678
Milkfish (Bangus),1484,8,1258,1417,21,1276
Milkfish (Bangus),300,2,244,213,27,255
Catfish (Hito),1422,10,1001,917,10,876
Carp,350,12,232,210,23,223
Milkfish (Bangus),493,8,421,442,3,405
Carp,735,4,378,344,18,453
Catfish (Hito),1202,4,966,1003,28,1175
Carp,771,2,391,352,3,382
Catfish (Hito),689,3,549,562,22,574
Carp,1185,4,579,546,12,638
Carp,593,7,377,396,25,345
Carp,1260,12,652,677,21,709
Tilapia,799,3,508,455,6,501
Tilapia,415,6,250,241,29,246
Catfish (Hito),1373,12,1094,1037,18,1029
Carp,945,4,597,656,12,681
Tilapia,1465,7,833,831,18,747
Milkfish (Bangus),1255,2,955,971,5,954
Tilapia,349,2,197,196,22,214
Tilapia,535,6,370,413,8,353
Carp,1450,4,853,899,19,1010
Catfish (Hito),1275,3,916,874,16,930
Catfish (Hito),1081,6,725,648,3,653
Carp,1049,1,590,527,20,596
Milkfish (Bangus),691,8,588,587,23,555
Tilapia,1458,5,890,885,24,910
Tilapia,1429,6,810,915,11,883
Milkfish (Bangus),309,12,225,230,4,224
Tilapia,1417,10,879,906,29,860
Milkfish (Bangus),330,3,246,219,23,262
Milkfish (Bangus),265,12,239,258,15,259
Tilapia,1309,12,890,892,14,870
Tilapia,1431,6,751,701,10,728
Tilapia,689,5,488,462,17,515
Tilapia,675,9,385,346,26,370
Milkfish (Bangus),1090,10,911,976,25,913
Carp,291,7,150,143,6,143
Milkfish (Bangus),695,7,574,601,18,574
Carp,647,3,390,400,12,418
Catfish (Hito),663,8,509,460,22,456
Tilapia,1366,7,928,846,4,822
Catfish (Hito),780,8,640,633,3,618
Tilapia,608,2,437,444,27,447
Catfish (Hito),1107,12,901,886,18,881
Carp,422,5,287,252,22,305
Carp,1409,11,703,738,5,751
Carp,336,7,202,224,26,216
Carp,1266,5,667,668,17,697
Carp,1074,12,620,548,6,589
Catfish (Hito),540,6,433,384,20,429
Milkfish (Bangus),1326,6,1117,1089,12,1022
Milkfish (Bangus),911,9,834,926,5,850
Catfish (Hito),953,3,790,738,18,775
Tilapia,952,12,565,493,12,572
Milkfish (Bangus),580,10,418,403,8,438
Tilapia,671,1,460,439,22,498
Tilapia,1115,10,590,518,18,619
Catfish (Hito),1228,4,982,859,29,1095
Milkfish (Bangus),814,6,573,541,25,607
Tilapia,1242,1,722,686,20,817
Carp,799,7,474,462,15,448
Catfish (Hito),790,10,647,720,26,667
Milkfish (Bangus),803,5,731,743,22,824
Tilapia,1187,3,790,730,21,841
Milkfish (Bangus),985,12,893,918,3,854
Catfish (Hito),1271,3,975,947,23,1121
Carp,767,12,381,396,18,434
Tilapia,959,9,657,688,16,611
Catfish (Hito),1449,8,1171,1315,22,1215
Carp,1194,11,615,622,20,671
Catfish (Hito),901,8,577,559,27,561
Carp,790,9,413,450,6,414
Milkfish (Bangus),310,12,261,238,3,267
Milkfish (Bangus),1244,8,1033,940,9,894
Milkfish (Bangus),1361,9,1219,1132,18,1088
Catfish (Hito),839,6,702,632,16,688
Milkfish (Bangus),1330,8,1019,1025,18,942
Tilapia,1249,12,870,898,16,902
Catfish (Hito),1139,8,915,840,17,878
Milkfish (Bangus),1266,10,1016,1105,27,1019
Tilapia,1203,12,702,692,6,706
Catfish (Hito),734,2,498,530,25,526
Tilapia,1207,8,725,767,25,760
Carp,1251,12,710,761,13,735
Milkfish (Bangus),1255,1,1106,987,12,1011
Milkfish (Bangus),1498,7,1331,1487,27,1309
Catfish (Hito),608,4,448,415,6,516
Carp,255,7,141,130,7,125
Milkfish (Bangus),1070,5,902,994,12,1033
Catfish (Hito),1118,6,720,687,13,768
Catfish (Hito),1027,3,729,793,10,852
Milkfish (Bangus),951,10,820,851,27,783
Tilapia,383,10,255,249,30,255
Milkfish (Bangus),327,7,253,273,26,259
Catfish (Hito),595,9,480,440,3,399
Catfish (Hito),1195,4,826,771,12,959
Carp,621,12,345,318,8,339
Carp,353,7,205,226,7,187
Tilapia,516,11,370,387,28,365
Milkfish (Bangus),775,5,570,552,8,633
Carp,700,11,385,370,20,410
Carp,1348,5,781,736,12,768
Tilapia,1173,1,711,709,7,705
Carp,368,8,249,257,12,226
Catfish (Hito),298,3,196,198,19,233
Carp,779,4,393,345,11,427
Catfish (Hito),1355,2,981,1028,9,985
Tilapia,441,8,298,294,12,285
Catfish (Hito),1335,3,1087,1159,24,1285
Carp,1291,5,801,891,23,908
Tilapia,1048,7,723,710,17,706
Carp,1249,11,658,694,29,735
Catfish (Hito),1421,3,1025,1047,28,1097
Catfish (Hito),1469,3,1104,1189,10,1221
Catfish (Hito),514,6,421,422,8,379
Tilapia,1146,3,792,753,10,793
Carp,356,9,209,223,17,206
Milkfish (Bangus),680,6,528,587,10,521
Tilapia,1486,6,794,742,12,730
Milkfish (Bangus),1238,11,951,991,17,1013
Catfish (Hito),1425,5,1060,1148,29,1268
Milkfish (Bangus),864,6,622,664,22,706
Catfish (Hito),356,6,300,279,26,288
Catfish (Hito),1410,3,885,850,29,1039
Tilapia,527,9,289,263,12,279
Tilapia,1067,7,721,705,21,650
Tilapia,269,4,165,151,8,166
Tilapia,446,6,298,332,21,324
Carp,960,11,566,502,6,532
Milkfish (Bangus),738,12,572,599,14,649
Catfish (Hito),1211,6,875,768,20,859
Milkfish (Bangus),931,4,725,807,10,872
Catfish (Hito),845,6,599,594,20,580
Tilapia,800,9,436,469,22,434
Milkfish (Bangus),1103,11,939,965,20,1030
Carp,885,5,546,508,23,560
Catfish (Hito),780,7,547,531,10,523
Milkfish (Bangus),525,5,432,455,25,459
Tilapia,837,10,556,533,3,560
Catfish (Hito),655,4,446,460,18,516
Tilapia,713,11,400,360,8,427
Catfish (Hito),765,3,635,556,3,630
Milkfish (Bangus),1147,7,991,981,28,1017
Tilapia,299,7,214,238,30,205
Catfish (Hito),428,11,320,322,21,349
Carp,1025,9,573,519,11,504
Milkfish (Bangus),429,9,384,387,25,363
Catfish (Hito),1086,2,870,880,25,980
Tilapia,889,1,621,602,16,623
Tilapia,631,5,408,425,17,449
Milkfish (Bangus),522,11,417,463,27,432
Milkfish (Bangus),950,3,856,776,18,956
Catfish (Hito),914,10,665,585,19,624
Tilapia,579,6,387,386,12,354
Milkfish (Bangus),341,12,262,269,8,264
Tilapia,1353,4,729,800,8,838
Tilapia,782,5,561,592,29,582
Tilapia,992,3,704,632,30,731
Milkfish (Bangus),644,7,568,535,6,502
Milkfish (Bangus),363,6,275,270,16,262
Catfish (Hito),1443,7,1024,944,7,868
Catfish (Hito),503,11,332,332,4,347
Milkfish (Bangus),359,8,311,289,15,277
Tilapia,339,6,217,245,9,243
Carp,1475,7,726,693,14,668
Tilapia,267,9,171,164,5,152
Catfish (Hito),1145,4,907,846,12,975
Catfish (Hito),480,1,319,291,16,338
Milkfish (Bangus),579,12,546,482,7,529
Milkfish (Bangus),935,8,757,676,10,702
Carp,527,12,295,325,8,335
Milkfish (Bangus),1434,6,1203,1197,21,1267
Milkfish (Bangus),889,3,762,771,12,785
Tilapia,741,8,519,502,11,494
Carp,803,7,417,463,24,428
Catfish (Hito),575,8,394,381,9,381
Milkfish (Bangus),1437,3,1165,1150,21,1355
Milkfish (Bangus),1312,3,1200,1167,11,1332
Milkfish (Bangus),1459,9,1047,1070,22,985
Tilapia,1237,8,809,895,10,740
Carp,741,5,423,387,21,419
Carp,758,6,453,413,21,432
Tilapia,712,5,483,459,10,511
Carp,1404,4,822,730,18,835
Milkfish (Bangus),376,9,350,321,24,309
Tilapia,654,3,432,453,19,517
Milkfish (Bangus),619,8,526,499,21,519
Catfish (Hito),369,12,294,326,22,320
Milkfish (Bangus),652,8,587,587,26,577
Milkfish (Bangus),585,11,542,517,19,530
Catfish (Hito),1439,7,1133,1099,25,1141
Catfish (Hito),440,1,325,350,17,377
Catfish (Hito),1164,10,815,817,20,811
Milkfish (Bangus),275,2,258,272,17,292
Catfish (Hito),738,1,464,450,17,498
Milkfish (Bangus),569,1,503,495,3,505
Carp,562,6,326,324,18,329
Tilapia,257,5,146,144,28,158
Catfish (Hito),905,8,727,708,10,673
Tilapia,561,9,349,352,3,330
Carp,1453,3,941,891,22,1047
Tilapia,945,5,679,707,20,789
Tilapia,1157,10,761,758,6,776
Carp,1259,8,639,567,5,579
Tilapia,351,5,231,251,23,254
Carp,899,12,582,533,6,530
Catfish (Hito),506,1,330,340,25,381
Carp,1189,3,590,583,8,630
Carp,1124,3,635,571,12,680
Tilapia,482,1,270,303,22,319
Milkfish (Bangus),477,4,381,347,3,392
Catfish (Hito),1341,9,859,871,19,819
Catfish (Hito),1471,9,1108,1187,3,989
Catfish (Hito),465,6,383,387,13,382
Catfish (Hito),1229,12,870,872,26,957
Milkfish (Bangus),579,6,414,382,26,439
Milkfish (Bangus),675,4,509,513,7,611
Catfish (Hito),338,11,250,279,3,251
Catfish (Hito),1449,9,955,1034,27,1007
Catfish (Hito),890,4,707,761,14,838
Catfish (Hito),1498,6,1150,1259,16,1113
Carp,302,7,200,189,14,188
Carp,259,12,161,145,12,169
Carp,445,11,242,273,28,271
Tilapia,355,4,200,205,4,242
Milkfish (Bangus),754,3,641,647,15,728
Carp,840,4,562,540,22,564
Tilapia,407,5,250,279,18,296
Tilapia,900,11,525,569,25,521
Milkfish (Bangus),1025,6,910,993,29,925
Catfish (Hito),1281,11,944,835,18,865
Carp,939,4,583,635,4,704
Carp,377,8,196,194,29,203
Catfish (Hito),337,4,216,216,3,259
Carp,409,1,248,231,6,259
Milkfish (Bangus),1437,12,1279,1285,24,1397
Catfish (Hito),478,12,371,328,4,382
Tilapia,1115,11,655,652,29,710
Catfish (Hito),553,10,428,481,18,456
Catfish (Hito),397,5,303,276,16,315
Tilapia,605,11,388,354,6,379
Tilapia,462,6,270,298,23,266
Carp,903,10,481,477,11,502
Catfish (Hito),1395,7,884,935,11,886
Catfish (Hito),501,2,373,388,24,403
Catfish (Hito),799,8,628,572,8,580
Catfish (Hito),1248,10,761,716,23,760
Carp,995,7,553,607,28,531
Milkfish (Bangus),714,8,636,578,4,537
Carp,1219,12,594,518,17,612
Milkfish (Bangus),631,8,544,506,8,496
Milkfish (Bangus),724,7,536,499,8,465
Carp,635,10,411,397,28,403
Tilapia,959,10,554,524,26,533
Milkfish (Bangus),301,4,284,315,11,305
Carp,823,9,478,485,13,426
Tilapia,1303,7,839,874,30,826
Tilapia,668,9,436,384,7,413
Catfish (Hito),776,8,537,603,14,507
Carp,439,8,273,308,7,254
Tilapia,1382,12,885,779,10,864
Tilapia,1068,5,613,666,18,762
Milkfish (Bangus),824,11,740,690,20,764
Catfish (Hito),600,4,391,369,24,450
Carp,906,11,604,542,26,559
Tilapia,697,12,442,483,16,500
Milkfish (Bangus),273,9,240,238,15,215
Milkfish (Bangus),747,10,561,599,14,560
Carp,986,10,634,572,17,551
Tilapia,625,8,375,400,15,352
Catfish (Hito),356,7,287,314,14,289
Tilapia,947,1,626,583,23,647
Catfish (Hito),1214,8,907,902,11,839
Tilapia,362,1,260,235,21,255
Carp,310,3,213,212,3,219
Catfish (Hito),593,9,405,428,30,399
Tilapia,338,6,186,195,22,189
Tilapia,1183,11,782,686,24,777
Catfish (Hito),1488,12,976,1056,9,999
Catfish (Hito),1076,12,666,676,24,740
Catfish (Hito),629,2,416,401,27,484
Carp,488,4,253,252,25,276
Catfish (Hito),1098,8,871,980,25,881
Catfish (Hito),1212,1,972,1009,17,1082
Carp,544,11,344,317,16,318
Tilapia,1473,11,813,777,15,812
Milkfish (Bangus),1029,5,963,1001,28,1098
Catfish (Hito),652,12,439,394,27,490
Tilapia,1331,6,861,854,11,814
Catfish (Hito),608,7,454,448,6,424
Milkfish (Bangus),519,8,453,500,29,422
Catfish (Hito),1029,4,704,648,26,758
Milkfish (Bangus),591,2,468,440,15,508
Carp,316,11,200,183,12,184
Catfish (Hito),501,2,368,324,3,357
Catfish (Hito),1494,9,961,914,28,935
Tilapia,1306,7,714,644,25,670
Carp,1338,5,670,683,27,729
Milkfish (Bangus),1108,10,889,793,28,864
Tilapia,761,8,459,504,25,443
Catfish (Hito),447,6,286,269,11,292
Catfish (Hito),427,1,282,251,6,305
Catfish (Hito),1431,12,1089,1156,4,1218
Milkfish (Bangus),685,1,562,614,10,633
Tilapia,840,9,566,618,9,543
Milkfish (Bangus),1086,6,879,884,14,912
Milkfish (Bangus),1472,12,1119,1082,15,1095
Carp,621,10,358,327,5,327
Milkfish (Bangus),1242,6,1037,1145,9,1067
Tilapia,492,11,324,325,12,307
Milkfish (Bangus),808,3,621,639,18,659
Carp,671,9,366,376,25,361
Tilapia,645,5,392,365,28,457
Milkfish (Bangus),1183,10,829,750,22,834
Catfish (Hito),512,1,411,388,9,384
Tilapia,295,7,198,217,15,182
Carp,496,3,282,281,17,336
Tilapia,931,6,670,595,14,660
Milkfish (Bangus),877,11,813,815,17,800
Catfish (Hito),590,7,444,411,21,425
Tilapia,1055,4,560,553,14,597
Carp,343,6,179,169,15,183
Catfish (Hito),636,8,526,538,30,536
Carp,1335,2,814,737,11,848
Milkfish (Bangus),864,10,664,742,3,660
Tilapia,476,12,304,331,8,339
Catfish (Hito),796,2,502,497,8,575
Carp,1162,1,684,673,14,720
Tilapia,897,3,565,630,22,652
Tilapia,269,3,175,177,9,194
Milkfish (Bangus),1143,6,974,1026,10,957
Milkfish (Bangus),753,11,608,653,8,672
Tilapia,992,2,655,696,11,690
Catfish (Hito),1284,11,779,703,5,731
Tilapia,1349,6,773,758,14,758
Tilapia,627,8,419,379,6,387
Tilapia,502,5,352,317,23,343
Tilapia,1437,7,913,800,15,790
Carp,882,2,477,511,27,558
Carp,394,8,216,213,11,209
Milkfish (Bangus),792,7,693,709,9,654
Milkfish (Bangus),943,10,816,792,9,759
Catfish (Hito),437,12,335,321,19,363
Tilapia,1307,10,852,828,6,871
Milkfish (Bangus),531,12,437,411,10,457
Tilapia,851,1,538,592,9,611
Catfish (Hito),874,8,574,631,11,589
Carp,965,5,495,518,27,550
Carp,400,3,230,257,16,260
Tilapia,1269,5,822,912,23,927
Carp,737,8,402,442,7,393
Tilapia,677,11,429,453,9,425
Catfish (Hito),1197,11,929,869,20,927
Catfish (Hito),442,10,350,362,13,326
Milkfish (Bangus),1323,5,1095,1232,4,1237
Catfish (Hito),1251,1,967,1006,19,1056
Catfish (Hito),534,4,364,409,23,422
Carp,546,6,298,287,27,312
Tilapia,448,9,287,268,7,254
Milkfish (Bangus),261,1,210,184,13,216
Catfish (Hito),1033,10,704,772,4,723
Milkfish (Bangus),765,1,578,625,16,684
Tilapia,1389,10,803,732,9,740
Tilapia,666,8,384,426,20,363
Milkfish (Bangus),258,5,233,224,26,256
Milkfish (Bangus),529,12,440,423,7,455
Milkfish (Bangus),522,7,473,432,21,400
Catfish (Hito),799,8,609,641,24,579
Tilapia,543,8,317,336,17,297
Tilapia,614,11,390,401,17,397
Catfish (Hito),1400,5,1102,1139,26,1243
Milkfish (Bangus),1012,10,783,802,15,725
Tilapia,259,11,145,146,26,157
Tilapia,497,5,289,318,28,357
Tilapia,551,3,333,324,7,349
Tilapia,1499,8,1004,915,9,954
Carp,532,11,320,289,14,325
Catfish (Hito),593,1,444,455,18,439
Catfish (Hito),460,9,321,291,7,318
Milkfish (Bangus),891,12,702,661,20,727
Milkfish (Bangus),618,5,508,509,12,599
Catfish (Hito),529,5,350,336,16,400
Carp,468,5,271,239,19,305
Tilapia,767,7,473,527,24,463
Carp,765,1,426,411,24,489
Tilapia,945,1,618,671,22,714
Tilapia,954,10,513,528,11,550
Tilapia,813,11,481,482,7,514
Milkfish (Bangus),464,6,420,467,20,406
Tilapia,1408,3,931,823,19,972
Catfish (Hito),1028,7,726,736,11,699
Catfish (Hito),302,8,207,229,15,222
Tilapia,624,12,365,362,7,405
Carp,875,7,438,407,4,434
Catfish (Hito),1027,1,700,778,18,761
Milkfish (Bangus),1294,1,1037,1144,28,1119
Tilapia,1073,2,664,615,5,635
Milkfish (Bangus),254,6,222,219,12,210
Carp,1489,6,744,728,29,784
Milkfish (Bangus),1167,7,1016,917,13,888
Catfish (Hito),1146,11,904,798,20,817
Carp,310,3,158,158,8,179
Milkfish (Bangus),1073,7,744,778,13,690
Tilapia,1333,4,827,912,3,961
Catfish (Hito),1011,3,647,676,22,799
Tilapia,1468,9,854,911,15,857
Carp,571,9,304,301,7,278
Catfish (Hito),274,12,232,206,4,207
Carp,814,11,541,598,9,544
Catfish (Hito),811,3,509,482,13,532
Milkfish (Bangus),378,5,281,252,18,303
Carp,803,12,399,367,6,394
Carp,1251,1,693,676,28,766
Catfish (Hito),1034,9,657,647,8,645
Milkfish (Bangus),423,12,336,315,11,342
Carp,1066,1,559,501,17,607
Tilapia,849,8,496,536,4,501
Catfish (Hito),1345,12,931,914,19,927
Carp,1064,4,549,604,19,646
Milkfish (Bangus),312,9,294,326,12,287
Milkfish (Bangus),1446,8,1268,1387,27,1215
Carp,1196,12,729,668,19,756
Carp,1447,4,935,906,11,958
Carp,390,3,236,224,24,263
Catfish (Hito),665,8,542,565,15,530
Carp,979,4,522,490,30,557
Catfish (Hito),943,1,729,698,20,692
Milkfish (Bangus),1040,1,797,731,30,811
Milkfish (Bangus),782,12,617,639,10,638
Tilapia,745,7,531,519,4,468
Milkfish (Bangus),358,10,336,296,20,292
Catfish (Hito),433,12,362,357,19,360
Catfish (Hito),1208,4,797,727,23,870
Milkfish (Bangus),1220,4,1036,1125,22,1163
Carp,674,9,440,449,4,398
Milkfish (Bangus),336,9,306,319,23,284
Milkfish (Bangus),1392,5,1168,1214,24,1388
Milkfish (Bangus),1411,8,1101,1062,19,1086
Milkfish (Bangus),1056,1,769,849,5,903
Milkfish (Bangus),1440,3,1249,1356,14,1362
Catfish (Hito),431,6,275,282,30,298
Catfish (Hito),1102,4,844,782,10,950
Tilapia,524,10,364,335,22,330
Tilapia,1224,8,687,679,5,691
Tilapia,952,6,683,676,13,649
Catfish (Hito),764,4,529,555,11,565
Catfish (Hito),1102,4,764,694,8,832
Milkfish (Bangus),1162,7,847,787,12,838
Carp,584,2,327,301,24,361
Milkfish (Bangus),836,5,785,713,3,774
Carp,731,12,465,405,16,484
Tilapia,1058,12,723,803,29,803
Tilapia,696,1,463,454,15,498
Milkfish (Bangus),364,7,280,313,26,273
Tilapia,411,5,290,308,25,349
Milkfish (Bangus),588,3,470,474,26,529
Tilapia,257,1,179,164,19,193
Catfish (Hito),913,3,691,636,7,673
Catfish (Hito),1107,8,701,745,6,636
Milkfish (Bangus),1263,2,910,914,25,951
Milkfish (Bangus),1041,8,963,890,4,868
Tilapia,410,12,260,265,8,293
Carp,282,2,161,156,3,180
Milkfish (Bangus),1391,10,996,973,27,1049
Catfish (Hito),641,11,434,414,21,468
Milkfish (Bangus),563,11,444,389,30,425
Carp,464,8,243,251,17,253
Catfish (Hito),703,1,500,537,7,547
Milkfish (Bangus),376,8,315,300,18,274
Tilapia,1477,8,818,743,7,756
Catfish (Hito),805,4,575,600,9,632
Carp,1394,12,717,802,11,833
Catfish (Hito),679,6,501,481,26,523
Milkfish (Bangus),1190,6,995,961,11,885
Tilapia,1453,8,914,938,18,874
Catfish (Hito),612,1,467,488,30,505
Carp,610,12,343,314,4,353
Milkfish (Bangus),1349,11,1029,1075,11,1005
Milkfish (Bangus),1412,4,995,911,13,1185
Carp,559,8,296,273,21,295
Tilapia,435,10,280,307,3,273
Tilapia,410,2,278,304,30,326
Milkfish (Bangus),1123,7,865,914,13,877
Milkfish (Bangus),1439,3,1080,1077,18,1234
Milkfish (Bangus),783,8,664,580,25,605
Tilapia,1042,9,634,646,28,626
Carp,915,5,594,657,4,658
Milkfish (Bangus),946,1,799,784,4,844
Catfish (Hito),308,6,216,224,22,227
Carp,533,2,347,357,15,344
Catfish (Hito),804,4,611,629,11,632
Carp,1010,5,630,558,23,634
Tilapia,777,9,480,427,8,411
Milkfish (Bangus),1086,7,941,830,10,844
Tilapia,739,2,509,492,25,549
Carp,534,10,276,271,19,265
Carp,1355,2,789,760,15,802
Carp,503,9,325,294,28,313
Catfish (Hito),773,7,569,515,3,487
Carp,1120,12,718,748,10,780
Carp,1019,7,563,571,27,554
Catfish (Hito),1380,7,999,1066,7,940
Carp,1335,7,683,698,13,659
Carp,269,10,147,157,4,158
Milkfish (Bangus),932,2,773,845,5,880
Tilapia,614,3,439,479,6,451
Milkfish (Bangus),1280,1,897,957,5,989
Tilapia,768,10,536,474,28,511
Catfish (Hito),1216,11,994,1042,18,941
Milkfish (Bangus),498,7,480,430,26,405
Catfish (Hito),1204,4,749,824,4,929
Carp,1352,10,726,802,21,733
Tilapia,594,8,400,441,27,373
Milkfish (Bangus),1441,11,1210,1340,20,1251
Tilapia,1150,1,775,856,20,868
Catfish (Hito),334,1,283,318,8,325
Tilapia,296,10,207,221,13,191
Milkfish (Bangus),1012,3,826,770,7,814
Catfish (Hito),350,3,280,312,28,324
Catfish (Hito),767,12,580,558,13,613
Carp,1252,2,659,663,27,701
Milkfish (Bangus),296,9,255,270,22,236
Milkfish (Bangus),1495,11,1179,1291,30,1217
Tilapia,1172,10,795,860,27,802
Carp,1275,2,646,581,22,720
Tilapia,1032,8,723,753,17,668
Carp,767,10,483,491,19,474
Milkfish (Bangus),1159,11,1034,916,22,1030
Carp,892,10,546,577,5,536
Catfish (Hito),1243,3,807,775,11,876
Catfish (Hito),1120,4,857,784,26,914
Milkfish (Bangus),448,6,349,351,22,372
Milkfish (Bangus),1089,11,842,876,11,877
Tilapia,370,11,240,238,27,234
Milkfish (Bangus),721,12,557,567,12,588
Tilapia,1362,9,766,686,29,767
Catfish (Hito),1494,11,901,842,27,866
Catfish (Hito),1276,11,912,925,19,896
Milkfish (Bangus),1002,7,856,908,3,835
Catfish (Hito),665,5,520,470,26,522
Catfish (Hito),1047,7,668,608,11,592
Tilapia,847,7,482,509,20,465
Tilapia,639,3,442,495,9,499
Milkfish (Bangus),302,5,230,250,10,247
Tilapia,1459,11,896,977,19,873
Catfish (Hito),1222,4,961,968,6,976
Tilapia,1292,7,710,765,3,696
Milkfish (Bangus),1352,7,1126,1065,20,986
Catfish (Hito),1452,7,1032,971,5,907
Catfish (Hito),993,8,777,851,25,733
Catfish (Hito),832,9,651,617,3,599
Milkfish (Bangus),461,7,425,466,25,388
Tilapia,1491,8,857,801,9,759
Tilapia,941,1,572,595,9,643
Tilapia,1116,8,621,672,19,575
Milkfish (Bangus),580,3,509,492,4,554
Carp,684,3,396,350,15,414
Tilapia,1051,10,572,597,18,572
Carp,268,1,161,153,7,169
Tilapia,551,1,330,341,24,379
Milkfish (Bangus),732,5,614,693,4,745
Catfish (Hito),526,9,371,338,24,361
Carp,876,2,559,535,18,597
Catfish (Hito),708,7,500,558,4,492
Catfish (Hito),385,6,327,361,22,337
Tilapia,720,10,500,547,19,530
Catfish (Hito),819,1,609,555,6,565
Tilapia,873,8,608,653,21,616
Milkfish (Bangus),1200,12,829,856,22,859
Catfish (Hito),323,12,265,282,7,295
Milkfish (Bangus),1474,7,1047,1150,28,1138
Tilapia,1339,10,728,809,7,717
Milkfish (Bangus),711,1,524,459,15,581
Milkfish (Bangus),1346,6,1012,938,28,995
Milkfish (Bangus),817,10,731,826,3,734
Milkfish (Bangus),735,10,536,503,13,526
Catfish (Hito),790,2,637,591,18,605
Milkfish (Bangus),297,12,257,278,6,289
Catfish (Hito),1044,11,674,657,14,672
Carp,1338,4,697,659,16,736
Milkfish (Bangus),1399,1,957,878,4,1042
Tilapia,904,9,544,483,20,537
Tilapia,490,3,322,287,3,311
Catfish (Hito),1251,7,822,790,16,813
Catfish (Hito),333,1,257,265,6,289
Catfish (Hito),718,6,532,551,4,495
Catfish (Hito),941,9,752,817,8,719
Carp,1459,3,731,706,30,848
Catfish (Hito),356,7,247,276,13,245
Tilapia,1204,6,663,726,13,641
Tilapia,319,7,218,209,13,187
Tilapia,647,7,351,354,9,323
Tilapia,609,4,415,389,20,440
Carp,558,4,299,274,29,336
Catfish (Hito),486,10,317,328,7,326
Catfish (Hito),1063,5,725,804,24,879
Carp,1256,4,685,647,23,760
Tilapia,371,7,207,180,15,206
Tilapia,1112,1,659,671,18,753
Carp,1066,8,606,582,19,584
Catfish (Hito),1477,5,1006,987,14,1085
Tilapia,1489,7,870,840,22,822
Tilapia,295,12,209,218,17,208
Tilapia,1160,1,668,690,23,745
Tilapia,1300,3,727,725,6,749
Tilapia,769,6,436,431,25,482
Tilapia,882,6,565,519,16,510
Carp,1097,5,591,519,14,657
Catfish (Hito),290,6,209,215,23,205
Milkfish (Bangus),444,8,396,364,17,354
Milkfish (Bangus),806,11,679,617,9,655
Catfish (Hito),391,11,275,271,16,277
Milkfish (Bangus),1385,12,1217,1130,16,1184
Tilapia,343,8,233,254,14,227
Carp,1050,1,521,560,7,545
Catfish (Hito),364,4,309,319,29,344
Tilapia,1292,3,779,750,8,898
Catfish (Hito),1400,12,874,870,21,904
Tilapia,1357,6,722,760,6,738
Milkfish (Bangus),1298,3,1140,1003,5,1073
Carp,827,1,495,434,9,453
Milkfish (Bangus),1159,8,985,1048,8,866
Milkfish (Bangus),1212,9,948,846,10,919
Tilapia,951,10,680,651,17,682
Catfish (Hito),1150,11,924,1042,28,924
Tilapia,1245,4,802,756,25,953
Carp,505,12,301,275,16,314
Carp,361,1,238,229,22,253
Carp,446,4,301,274,26,333
Tilapia,882,1,590,588,17,625
Carp,538,3,353,317,13,371
Milkfish (Bangus),480,11,413,402,26,402
Milkfish (Bangus),796,1,660,655,29,735
Carp,724,4,403,367,14,456
Catfish (Hito),1342,12,1060,1047,28,1060
Carp,1048,12,645,644,29,698
Carp,1216,8,749,736,28,677
Carp,875,5,576,577,12,611
Catfish (Hito),685,2,506,457,20,556
Carp,699,8,374,379,15,372
Milkfish (Bangus),1352,4,1240,1306,4,1320
Catfish (Hito),505,5,416,394,11,431
Catfish (Hito),1132,2,850,906,27,895
Tilapia,1347,7,735,826,10,710
Milkfish (Bangus),420,7,335,303,20,317
Tilapia,1199,6,666,675,25,724
Carp,451,4,228,229,8,250
Tilapia,1156,8,655,680,29,620
Milkfish (Bangus),272,5,226,253,24,265
Carp,447,2,242,266,15,283
Tilapia,676,8,452,485,17,406
Carp,278,4,161,160,6,169
Carp,764,8,394,437,15,403
Catfish (Hito),736,2,509,555,17,581
Catfish (Hito),869,9,696,752,28,661
Tilapia,441,3,281,295,22,334
Tilapia,619,1,394,371,10,413
Carp,1184,9,723,725,16,711
Carp,531,2,334,314,23,353
Milkfish (Bangus),1319,5,1136,1270,9,1349
Carp,752,1,505,514,20,493
Tilapia,306,11,194,181,25,190
Catfish (Hito),1197,2,950,1008,16,1104
Catfish (Hito),1361,11,1010,884,10,1030
Milkfish (Bangus),576,8,532,485,21,504
Tilapia,265,8,171,165,15,161
Catfish (Hito),1394,1,1009,1108,12,1143
Tilapia,300,11,168,172,29,183
Carp,1233,1,636,677,7,654
Tilapia,837,8,552,511,23,489
Tilapia,1462,3,771,715,15,832
Tilapia,1500,3,784,787,11,831
Milkfish (Bangus),592,6,525,464,30,497
Catfish (Hito),464,6,353,354,6,358
Milkfish (Bangus),1366,3,1235,1241,9,1273
Tilapia,1308,12,820,867,3,826
Milkfish (Bangus),1330,5,1178,1049,9,1133
Tilapia,726,6,412,452,26,422
Tilapia,816,6,456,509,12,478
Carp,1113,9,639,659,19,665
Milkfish (Bangus),1124,1,953,980,17,999
Tilapia,1031,3,694,778,15,851
Milkfish (Bangus),1276,12,1106,1013,19,1101
Catfish (Hito),571,7,480,526,3,456
Catfish (Hito),567,9,410,443,22,446
Carp,686,10,375,335,9,348
Catfish (Hito),271,11,189,172,6,192
Tilapia,382,8,226,203,27,195
Milkfish (Bangus),1144,5,932,838,10,1046
Catfish (Hito),406,4,334,312,14,345
Catfish (Hito),1261,5,764,750,10,786
Tilapia,1388,12,872,804,20,912
Catfish (Hito),1097,8,878,896,4,840
Milkfish (Bangus),578,6,513,552,6,502
Catfish (Hito),279,9,191,183,25,190
Tilapia,375,1,208,230,5,225
Catfish (Hito),1076,7,813,818,30,787
Carp,721,2,481,517,19,516
Milkfish (Bangus),665,9,493,538,27,492
Catfish (Hito),1145,10,815,749,25,830
Tilapia,709,3,452,444,11,507
Tilapia,421,5,303,267,15,307
Catfish (Hito),1076,2,795,863,27,854
Milkfish (Bangus),691,1,641,651,29,676
Catfish (Hito),814,10,663,718,4,644
Tilapia,599,9,339,359,12,344
Carp,542,4,367,331,20,386
Carp,868,6,509,524,7,476
Tilapia,443,8,269,278,26,269
Milkfish (Bangus),1299,8,1153,1191,23,1083
Carp,742,1,424,383,13,425
Tilapia,737,4,436,464,3,507
Catfish (Hito),1258,7,991,1067,18,896
Catfish (Hito),1472,2,1067,1148,3,1122
Milkfish (Bangus),998,2,709,618,13,695
Milkfish (Bangus),373,5,318,314,20,358
Tilapia,271,6,191,211,10,191
Carp,351,5,234,229,25,241
Carp,305,4,205,214,19,224
Carp,1054,1,603,653,26,656
Tilapia,685,2,431,484,19,491
Catfish (Hito),731,10,543,522,14,541
Milkfish (Bangus),726,1,624,552,13,636
Tilapia,881,2,591,631,15,679
Milkfish (Bangus),718,10,634,648,12,631
Tilapia,944,7,537,545,24,502
Milkfish (Bangus),759,4,627,608,21,747
Milkfish (Bangus),1216,10,1116,1095,17,1113
Carp,460,8,260,233,11,236
Milkfish (Bangus),490,10,373,337,20,389
Milkfish (Bangus),1073,12,872,766,29,894
Milkfish (Bangus),948,9,862,889,3,840
Carp,867,7,467,525,20,469
Carp,453,4,280,315,4,343
Catfish (Hito),1128,7,863,827,30,827
Carp,349,8,203,187,9,198
Milkfish (Bangus),1495,11,1266,1236,13,1179
Tilapia,671,10,405,375,9,363
Milkfish (Bangus),522,10,383,366,28,389
Milkfish (Bangus),693,4,497,516,17,593
Catfish (Hito),1101,5,776,746,18,806
Milkfish (Bangus),875,12,683,715,3,676
Carp,328,11,190,205,21,215
Catfish (Hito),1447,11,948,975,14,1004
Milkfish (Bangus),1028,6,730,675,12,681
Tilapia,404,10,223,228,28,249
Milkfish (Bangus),700,10,616,587,17,586
Catfish (Hito),1272,4,989,1114,23,1139
Milkfish (Bangus),1184,3,1007,1070,19,1182
Carp,1358,12,805,759,12,822
Catfish (Hito),1189,2,830,831,25,885
Tilapia,461,5,333,317,10,373
Catfish (Hito),552,5,417,438,23,480
Tilapia,1134,1,718,637,28,706
Milkfish (Bangus),1135,12,935,959,16,966
Carp,1218,11,740,782,23,814
Carp,994,9,509,526,30,537
Tilapia,847,4,542,523,11,635
Milkfish (Bangus),696,5,592,576,7,589
Carp,956,3,499,512,18,577
Catfish (Hito),1217,11,803,897,13,870
Carp,283,9,154,166,25,163
Catfish (Hito),1461,1,960,1026,30,1045
Carp,1037,3,518,451,19,523
Carp,410,1,274,275,10,294
Tilapia,1298,11,773,847,23,859
Milkfish (Bangus),1179,2,984,991,28,1140
Catfish (Hito),818,11,516,449,25,522
Catfish (Hito),342,12,217,230,30,235
Carp,1460,7,706,619,13,664
Catfish (Hito),1484,7,993,989,30,911
Tilapia,903,4,525,541,19,650
Carp,251,8,137,124,9,119
Catfish (Hito),1033,3,798,878,5,952
Tilapia,1075,1,587,546,8,657
Carp,1453,2,777,779,13,813
Carp,1475,4,798,784,9,837
Tilapia,728,4,412,421,26,479
Milkfish (Bangus),463,11,363,322,3,343
Tilapia,1263,11,884,867,23,906
Tilapia,1082,10,634,639,9,657
Milkfish (Bangus),827,10,784,705,9,764
Carp,1262,4,782,723,26,871
Catfish (Hito),1196,3,796,730,23,849
Milkfish (Bangus),850,9,772,826,19,774
Tilapia,579,8,352,328,16,300
Carp,674,10,404,358,10,361
Milkfish (Bangus),306,12,265,253,20,257
Carp,1448,7,861,868,19,858
Catfish (Hito),1371,8,1026,954,13,947
Carp,749,8,498,546,3,451
Carp,1498,11,832,908,11,843
Carp,813,6,422,413,21,416
Milkfish (Bangus),1096,7,821,866,6,756
Catfish (Hito),777,5,613,548,22,675
Catfish (Hito),1155,2,893,945,12,978
Tilapia,948,1,684,698,23,751
Tilapia,1181,5,832,765,26,826
Carp,983,5,580,625,15,697
Tilapia,772,5,444,448,23,465
Tilapia,880,4,593,616,18,656
Tilapia,257,5,191,212,6,204
Milkfish (Bangus),573,11,506,488,15,465
Tilapia,753,12,452,412,10,468
Milkfish (Bangus),908,6,758,757,10,779
Milkfish (Bangus),1445,8,1288,1356,6,1233
Tilapia,718,5,388,437,12,467
Carp,753,8,380,348,18,365
Catfish (Hito),893,12,679,697,25,756
Carp,335,11,213,201,22,200
Milkfish (Bangus),517,6,437,395,8,422
Catfish (Hito),381,9,268,247,3,268
Carp,629,2,337,326,9,367
Catfish (Hito),1228,12,909,905,13,989
Carp,961,2,590,639,11,640
Catfish (Hito),1484,2,949,1020,27,1106
Catfish (Hito),919,7,737,758,17,702
Catfish (Hito),311,4,261,275,15,273
Carp,1355,6,779,682,26,751
Tilapia,318,12,214,237,11,224
Milkfish (Bangus),1325,8,913,851,28,910
Tilapia,1196,1,775,798,13,848
Tilapia,1149,1,640,579,5,699
Tilapia,1392,5,755,770,25,823
Tilapia,710,3,495,450,10,525
Catfish (Hito),1480,8,910,1007,22,948
Tilapia,820,10,577,573,21,561
Carp,816,1,517,467,5,498
Tilapia,733,7,451,465,10,421
Catfish (Hito),465,11,394,389,27,383
Tilapia,309,9,194,216,4,200
Catfish (Hito),686,2,493,464,30,524
Catfish (Hito),514,1,365,380,27,393
Carp,1378,3,777,703,20,886
Tilapia,934,6,653,577,10,582
Catfish (Hito),921,1,663,622,12,639
Tilapia,296,8,218,222,7,199
Carp,730,10,381,359,22,388
Catfish (Hito),849,9,691,749,24,647
Tilapia,364,12,255,283,7,289
Milkfish (Bangus),623,1,525,569,26,584
Catfish (Hito),432,1,365,358,5,358
Catfish (Hito),695,8,578,512,13,474
Tilapia,1237,6,679,597,18,632
Carp,576,3,311,330,3,372
Carp,1373,6,735,831,13,807
Carp,922,5,506,508,10,560
Carp,267,1,164,167,29,169
Carp,1206,4,605,620,23,733
Milkfish (Bangus),1295,6,1161,1150,8,1041
Tilapia,382,7,231,230,8,229
Milkfish (Bangus),483,9,365,374,30,395
Carp,1291,7,782,707,21,656
Milkfish (Bangus),793,12,628,583,5,674
Milkfish (Bangus),1350,9,1154,1050,25,994
Catfish (Hito),1068,10,738,733,20,732
Catfish (Hito),550,8,396,407,11,404
Milkfish (Bangus),923,7,828,745,23,770
Catfish (Hito),853,3,535,591,19,684
Milkfish (Bangus),254,9,195,209,8,198
Milkfish (Bangus),471,12,379,375,25,395
Milkfish (Bangus),902,1,692,678,16,782
Catfish (Hito),879,4,648,693,28,736
Tilapia,1238,5,655,597,10,656
Tilapia,1434,6,946,850,30,964
Catfish (Hito),1180,12,844,880,12,824
Tilapia,877,7,501,493,23,491
Catfish (Hito),1170,5,925,954,30,1041
Tilapia,1004,9,545,573,18,572
Carp,891,1,544,525,27,525
Carp,324,7,191,175,12,167
Tilapia,537,7,372,361,24,330
Catfish (Hito),388,10,280,247,5,253
Catfish (Hito),1452,8,1123,1014,17,963
Milkfish (Bangus),1434,8,1198,1346,13,1179
Carp,631,6,322,289,17,292
Milkfish (Bangus),1356,7,1023,949,21,994
Carp,1400,1,749,818,11,874
Carp,1393,1,698,687,11,721
Carp,1355,12,799,883,4,913
Tilapia,1063,2,578,557,29,592
Carp,1477,7,714,625,28,666
Tilapia,573,9,329,354,26,341
Carp,722,1,486,501,7,494
Tilapia,714,8,497,537,28,492
Carp,1360,8,818,797,11,760
Tilapia,1498,2,916,934,30,1077
Tilapia,1483,9,787,750,24,824
Milkfish (Bangus),1211,1,1029,1007,23,1060
Carp,1261,5,758,803,11,881
Catfish (Hito),650,4,421,382,23,468
Milkfish (Bangus),319,3,303,267,29,335
Milkfish (Bangus),886,7,814,830,22,724
Catfish (Hito),253,9,215,219,16,200
Tilapia,288,9,177,187,28,185
Tilapia,567,6,350,334,4,348
Catfish (Hito),1275,11,915,806,9,833
Tilapia,1202,3,806,731,25,862
Carp,778,3,475,529,30,525
Catfish (Hito),814,10,570,589,24,580
Catfish (Hito),1490,4,1185,1155,7,1267
Tilapia,911,4,652,722,10,798
Milkfish (Bangus),1497,8,1176,1283,21,1071
Catfish (Hito),1293,9,967,935,16,890
Tilapia,289,1,182,169,14,180
Milkfish (Bangus),980,4,882,793,11,940
Carp,450,1,272,282,17,287
Carp,887,3,510,493,8,565
Tilapia,793,5,490,457,24,512
Carp,306,1,201,215,18,213
Milkfish (Bangus),495,7,360,351,27,376
Carp,741,11,403,414,6,390
Carp,1069,11,585,545,15,612
Catfish (Hito),746,7,536,479,23,491
Catfish (Hito),885,10,704,779,15,741
Catfish (Hito),979,1,738,697,18,795
Milkfish (Bangus),1321,10,1191,1299,10,1163
Tilapia,1387,8,730,701,6,696
Carp,689,9,375,353,29,373
Milkfish (Bangus),254,11,208,234,23,232
Milkfish (Bangus),315,3,234,261,5,282
Carp,784,6,509,470,8,490
Tilapia,1204,3,746,693,11,780
Carp,1457,6,907,916,22,858
Milkfish (Bangus),1141,1,837,818,17,914
Tilapia,1169,1,807,781,9,785
Carp,494,8,280,279,25,257
Catfish (Hito),1108,7,757,845,24,713
Carp,416,11,262,245,19,260
Catfish (Hito),648,1,499,560,18,545
Catfish (Hito),1060,8,721,675,19,725
Catfish (Hito),508,12,336,363,25,357
Tilapia,1459,6,781,821,22,834
Milkfish (Bangus),672,4,596,633,10,655
Carp,1346,5,665,682,10,704
Tilapia,596,2,356,330,17,390
Milkfish (Bangus),934,9,785,782,26,733
Carp,1240,4,652,710,8,794
Carp,1016,11,521,521,4,553
Catfish (Hito),830,4,547,560,3,642
Carp,291,12,162,144,4,162
Carp,404,1,261,292,21,307
Tilapia,591,6,358,378,3,335
Catfish (Hito),700,10,470,495,11,489
Tilapia,919,6,509,462,28,500
Carp,1070,6,537,601,19,559
Milkfish (Bangus),699,9,658,686,20,679
Milkfish (Bangus),484,5,447,448,20,473
Carp,1481,2,812,890,6,956
Carp,1476,9,719,800,27,748
Catfish (Hito),1065,9,838,855,14,841
Tilapia,492,4,310,270,8,339
Carp,620,1,318,291,18,341
Tilapia,632,2,370,343,9,397
Carp,459,9,288,289,13,278
Tilapia,563,9,351,331,29,360
Carp,1069,9,687,608,20,654
Carp,1098,5,585,525,13,666
Catfish (Hito),427,4,336,354,10,358
Tilapia,1268,9,864,771,17,724
Milkfish (Bangus),1046,3,860,751,7,930
Catfish (Hito),1375,10,1107,1223,26,1114
Catfish (Hito),748,2,617,693,28,723
Carp,502,10,337,352,29,355
Tilapia,952,10,524,574,29,520
Tilapia,674,5,426,396,6,480
Carp,949,1,513,450,28,555
Tilapia,1128,5,767,835,18,871
Milkfish (Bangus),1458,7,1226,1182,23,1059
Catfish (Hito),551,7,433,414,24,413
Catfish (Hito),494,7,415,406,10,364
Carp,859,9,534,598,13,538
Tilapia,989,9,631,601,13,544
Catfish (Hito),1333,10,943,841,15,934
Catfish (Hito),463,1,379,374,14,416
Carp,511,9,346,350,23,340
Carp,741,5,487,513,24,577
Tilapia,986,1,581,613,19,676
Tilapia,1058,2,669,713,9,780
Milkfish (Bangus),445,1,365,329,6,395
Tilapia,780,3,453,447,17,548
Tilapia,861,10,501,563,3,555
Catfish (Hito),513,9,331,338,20,313
Catfish (Hito),1274,11,818,810,29,805
Tilapia,674,9,399,449,4,373
Tilapia,1324,6,821,811,5,852
Carp,499,9,318,336,8,315
Milkfish (Bangus),282,10,264,271,10,259
Catfish (Hito),620,8,518,548,10,454
Catfish (Hito),1423,3,954,929,19,1098
Milkfish (Bangus),720,12,635,585,19,683
Tilapia,695,5,468,481,14,506
Carp,1062,12,666,723,28,693
Tilapia,774,4,423,453,18,492
Tilapia,603,4,360,345,10,407
Catfish (Hito),980,12,646,701,10,658
Catfish (Hito),891,3,661,728,17,774
Milkfish (Bangus),1468,4,1072,999,27,1186
Catfish (Hito),739,7,497,461,18,461
Milkfish (Bangus),1090,10,1014,936,22,933
Carp,1456,9,844,852,22,763
Carp,1367,9,791,799,20,753
Carp,568,12,336,296,24,333
Tilapia,1411,12,841,869,13,934
Tilapia,1086,12,598,664,26,722
Tilapia,899,9,517,510,20,483
Milkfish (Bangus),277,2,218,223,30,238
Carp,713,9,397,411,14,419
Catfish (Hito),786,2,603,619,30,634
Tilapia,328,9,217,212,26,220
Carp,638,12,356,395,24,382
Milkfish (Bangus),422,10,320,357,22,347
Tilapia,538,7,388,399,8,384
Tilapia,387,12,251,262,28,266
Carp,323,1,222,214,29,245
Milkfish (Bangus),459,6,337,327,7,312
Catfish (Hito),743,2,581,631,6,648
Carp,500,7,274,292,24,278
Catfish (Hito),708,1,570,635,5,624
Catfish (Hito),1456,8,932,988,29,912
Carp,859,5,571,604,7,593
Catfish (Hito),714,11,562,624,14,569
Catfish (Hito),841,1,593,593,19,592
Catfish (Hito),459,2,383,368,14,379
Carp,1179,12,666,581,29,695
Carp,769,11,419,365,21,402
Carp,1131,2,594,588,14,672
Carp,399,6,250,241,22,263
Carp,1369,4,666,633,11,719
Catfish (Hito),934,5,752,714,28,795
Carp,295,1,153,171,18,185
Carp,517,11,312,337,22,327
Milkfish (Bangus),489,2,359,367,20,384
Milkfish (Bangus),1106,4,794,774,26,957
Milkfish (Bangus),454,3,402,386,18,457
Tilapia,888,4,499,437,20,511
Catfish (Hito),1380,5,1067,983,27,1135
Catfish (Hito),1245,2,785,866,21,858
Carp,464,9,274,265,28,268
Carp,1477,11,896,857,6,814
Milkfish (Bangus),777,5,586,572,18,665
Catfish (Hito),971,3,773,755,23,829
Catfish (Hito),871,2,559,531,18,575
Milkfish (Bangus),732,2,622,611,30,682
Tilapia,1087,2,666,701,15,681
Tilapia,925,8,626,704,18,641
Milkfish (Bangus),880,8,744,808,7,761
Carp,1282,4,776,853,8,913
Carp,1107,2,662,626,17,646
Milkfish (Bangus),1285,8,1147,1097,29,991
Tilapia,600,1,401,450,26,435
Milkfish (Bangus),939,7,709,795,25,740
Tilapia,259,3,188,195,3,211
Catfish (Hito),1230,4,956,1065,14,1047
Catfish (Hito),1205,9,815,796,11,825
Carp,277,2,175,157,15,187
Carp,1428,8,722,811,5,683
Catfish (Hito),348,4,290,302,29,334
Tilapia,1399,6,898,978,21,945
Catfish (Hito),880,1,640,644,13,658
Milkfish (Bangus),810,3,652,572,25,675
Milkfish (Bangus),539,7,445,419,25,441
Tilapia,274,10,195,198,7,195
Catfish (Hito),1298,7,802,864,29,853
Milkfish (Bangus),508,7,414,456,29,427
Catfish (Hito),908,1,740,751,7,698
Carp,272,11,146,150,24,160
Milkfish (Bangus),599,4,461,515,18,586
Milkfish (Bangus),610,4,509,570,17,592
Tilapia,953,8,537,544,29,497
Milkfish (Bangus),1022,3,952,931,13,955
Tilapia,1293,1,843,898,25,880
Catfish (Hito),1053,6,689,767,4,744
Catfish (Hito),538,10,451,406,6,393
Tilapia,478,7,290,326,3,280
Catfish (Hito),880,11,649,690,23,697
Milkfish (Bangus),1011,5,901,950,21,1046
Carp,432,5,275,261,21,311
Carp,631,6,412,385,9,381
Milkfish (Bangus),710,9,582,611,28,610
Milkfish (Bangus),1035,9,922,898,29,943
Tilapia,906,9,529,545,3,485
Milkfish (Bangus),980,2,811,706,13,867
Catfish (Hito),702,6,505,503,6,506
Tilapia,906,7,633,626,4,539
Milkfish (Bangus),1216,12,1028,1008,21,1049
Carp,920,10,501,565,4,528
Catfish (Hito),774,12,607,569,9,571
Milkfish (Bangus),443,3,389,345,23,386
Carp,1042,10,634,581,18,619
Tilapia,1421,3,790,827,19,889
Carp,311,11,209,204,11,215
Tilapia,886,4,475,492,17,527
Tilapia,848,8,517,522,10,450
Tilapia,606,7,336,320,30,321
Carp,724,8,392,388,22,386
Milkfish (Bangus),653,8,622,561,29,545
Milkfish (Bangus),510,2,427,434,8,451
Milkfish (Bangus),590,5,566,628,10,583
Milkfish (Bangus),1071,6,922,946,15,971
Tilapia,333,1,247,227,12,229
Milkfish (Bangus),1161,1,991,1062,24,1110
Tilapia,419,5,292,320,20,316
Catfish (Hito),409,5,282,248,24,318
Carp,882,7,437,385,12,427
Catfish (Hito),862,3,600,548,7,598
Milkfish (Bangus),595,3,454,435,18,503
Tilapia,775,7,423,372,6,381
Catfish (Hito),1149,6,894,944,6,811
Catfish (Hito),283,5,184,185,8,191
Milkfish (Bangus),1254,4,1082,1152,16,1236
Milkfish (Bangus),1407,11,1079,974,30,1059
Tilapia,529,1,327,325,17,362
Tilapia,592,10,360,386,18,377
Milkfish (Bangus),260,9,199,211,21,204
Catfish (Hito),752,9,609,653,22,601
Catfish (Hito),1154,6,898,975,14,853
Carp,547,3,291,283,10,307
Carp,995,1,535,558,5,564
Catfish (Hito),777,2,650,661,25,648
Carp,378,4,237,253,30,285
Tilapia,474,7,332,364,15,309
Milkfish (Bangus),995,5,926,867,7,986
Tilapia,539,3,362,346,20,412
Carp,1357,3,730,776,26,857
Milkfish (Bangus),991,6,836,756,16,782
Tilapia,472,12,270,249,10,290
Tilapia,937,10,639,707,3,671
Carp,1279,5,747,837,30,934
Milkfish (Bangus),641,7,581,623,27,605
Tilapia,730,2,483,512,14,558
Catfish (Hito),1345,1,1084,994,23,1167
Tilapia,330,8,187,191,18,180
Milkfish (Bangus),352,7,318,291,21,300
Tilapia,473,5,272,279,6,317
Tilapia,996,9,640,690,25,689
Milkfish (Bangus),739,3,546,560,7,621
Catfish (Hito),480,4,405,379,27,419
Catfish (Hito),517,10,423,434,13,382
Catfish (Hito),841,5,595,580,5,654
Carp,937,2,464,497,27,498
Carp,630,12,392,359,27,397
Tilapia,1153,4,744,652,29,806
Carp,441,9,270,289,4,242
Milkfish (Bangus),1230,1,1069,998,22,1073
Catfish (Hito),399,7,279,266,9,248
Tilapia,486,6,339,325,28,355
Catfish (Hito),548,11,443,436,14,419
Carp,711,4,432,421,17,474
Carp,580,9,313,343,17,332
Milkfish (Bangus),763,8,538,517,23,517
Catfish (Hito),837,4,694,672,23,742
Carp,1013,11,522,584,10,590
Milkfish (Bangus),1449,12,990,974,9,1125
Catfish (Hito),423,2,274,293,6,321
Milkfish (Bangus),1119,12,971,958,4,925
Tilapia,619,1,375,421,17,418
Catfish (Hito),715,3,547,477,21,584
Milkfish (Bangus),554,12,492,500,13,498
Tilapia,459,12,279,309,17,310
Milkfish (Bangus),1333,11,1177,1041,13,1076
Carp,347,1,233,246,3,246
Carp,916,11,553,600,18,586
Carp,1186,7,775,681,10,666
Tilapia,1353,11,742,716,8,742
Carp,1417,2,792,889,26,929
Catfish (Hito),1342,2,948,832,9,885
Carp,1132,10,659,692,6,601
Catfish (Hito),811,11,660,626,22,696
Tilapia,1306,3,778,821,21,937
Catfish (Hito),629,4,520,518,30,604
Tilapia,905,3,625,547,24,608
Milkfish (Bangus),670,7,541,595,28,545
Tilapia,611,7,397,383,28,350
Carp,388,3,222,228,6,239
Tilapia,331,6,208,235,10,213
Milkfish (Bangus),361,5,344,369,19,401
Milkfish (Bangus),1411,7,1297,1140,20,1212
Carp,1322,7,746,802,28,709
Milkfish (Bangus),1004,4,845,883,13,936
Catfish (Hito),520,1,404,422,12,444
Catfish (Hito),408,5,321,282,25,326
Carp,833,7,430,397,13,375
Tilapia,366,7,259,261,10,238
Carp,1078,1,551,512,18,555
Carp,1000,10,558,566,15,597
Milkfish (Bangus),643,12,533,563,17,591
Carp,1162,5,655,708,8,721
Catfish (Hito),1481,1,1042,1035,13,1079
Milkfish (Bangus),1307,2,1074,1107,7,1213
Catfish (Hito),1012,3,812,780,29,933
Milkfish (Bangus),1449,9,1196,1128,10,1135
Tilapia,367,1,231,237,23,231
Milkfish (Bangus),1119,2,944,899,16,932
Catfish (Hito),794,1,532,556,29,550
Carp,1148,6,648,626,9,591
Tilapia,682,5,437,490,12,496
Tilapia,1393,9,753,700,15,712
Tilapia,657,11,441,450,27,452
Tilapia,746,12,420,383,20,423
Milkfish (Bangus),464,5,335,305,21,392
Carp,1497,2,841,901,16,861
Milkfish (Bangus),784,8,629,708,5,641
Tilapia,1482,6,933,995,23,980
Catfish (Hito),830,2,608,570,11,631
Tilapia,432,5,257,243,18,281
Milkfish (Bangus),453,7,375,361,29,332
Carp,1304,12,723,675,20,772
Tilapia,1432,10,780,701,13,692
Carp,1180,11,775,832,30,761
Tilapia,1473,11,854,896,12,823
Carp,1283,11,790,848,30,815
Carp,332,8,204,226,25,190
Tilapia,631,5,424,456,13,507
Tilapia,619,11,339,317,16,339
Tilapia,992,6,596,615,16,636
Tilapia,552,1,375,402,12,421
Tilapia,511,5,367,357,18,386
Milkfish (Bangus),1482,6,1255,1369,6,1188
Tilapia,1143,3,785,868,16,941
Milkfish (Bangus),330,9,315,325,24,308
Tilapia,306,9,171,163,26,181
Catfish (Hito),1438,3,1007,923,30,1098
Tilapia,377,8,248,242,27,218
Carp,756,2,469,418,27,458
Catfish (Hito),740,10,612,636,5,549
Milkfish (Bangus),1235,11,922,938,13,878
Carp,832,7,547,525,26,519
Carp,533,9,292,297,18,273
Tilapia,1427,6,830,890,27,814
Tilapia,1176,2,649,679,10,718
Catfish (Hito),913,6,575,508,17,571
Tilapia,1030,6,620,638,4,632
Tilapia,1286,6,804,820,14,776
Tilapia,317,11,226,208,3,218
Tilapia,971,1,669,704,14,652
Tilapia,1221,6,720,763,17,763
Tilapia,638,10,425,436,30,398
Catfish (Hito),599,2,459,460,15,510
Tilapia,578,5,405,433,22,471
Tilapia,1361,12,885,993,5,955
Carp,521,7,278,266,30,257
Carp,831,5,483,537,14,549
Catfish (Hito),893,11,710,662,27,644
Milkfish (Bangus),1037,5,860,796,26,960
Tilapia,1087,5,751,806,18,856
Tilapia,1081,8,679,672,21,662
Milkfish (Bangus),1013,10,735,774,16,774
Catfish (Hito),678,9,460,515,12,495
Carp,951,10,590,594,14,616
Tilapia,318,6,210,194,3,201
Carp,1227,7,688,721,6,696
Milkfish (Bangus),870,9,735,726,8,723
Tilapia,945,11,638,641,10,601
Tilapia,954,3,635,602,29,716
Milkfish (Bangus),603,2,508,474,18,519
Tilapia,1428,4,952,994,10,1070
Tilapia,422,8,246,251,8,254
Milkfish (Bangus),1347,5,1009,919,3,1142
Tilapia,544,12,361,366,8,356
Catfish (Hito),1088,12,669,596,5,666
Milkfish (Bangus),1469,9,1262,1204,18,1220
Carp,1458,7,945,979,13,921
Carp,565,12,335,374,21,393
Catfish (Hito),746,6,609,623,29,568
Tilapia,451,10,256,288,5,254
Milkfish (Bangus),1114,9,942,870,20,888
Carp,1032,6,539,570,18,522
Tilapia,989,3,573,618,15,629
Catfish (Hito),1417,10,959,910,27,892
Carp,1396,11,679,681,20,668
Carp,967,2,489,530,17,538
Milkfish (Bangus),927,1,867,865,20,957
Carp,693,6,374,395,27,367
Tilapia,1483,11,889,894,29,938
Tilapia,594,4,402,405,21,427
Carp,1399,3,822,737,6,804
Tilapia,275,9,186,187,13,182
Catfish (Hito),1094,3,682,704,6,794
Carp,946,6,599,533,9,564
Catfish (Hito),400,1,290,307,21,294
Tilapia,944,8,625,563,7,514
Tilapia,1142,3,651,706,4,780
Milkfish (Bangus),1318,1,1069,1145,12,1084
Carp,1156,6,744,771,5,721
Tilapia,856,3,515,545,8,585
Tilapia,912,10,606,589,8,546
Catfish (Hito),1430,6,1018,1145,17,1039
Catfish (Hito),1429,3,1049,976,22,1048
Tilapia,797,2,439,450,3,499
Tilapia,460,9,336,357,23,342
Tilapia,1126,12,671,749,9,751
Carp,1237,9,649,619,30,651
Milkfish (Bangus),280,12,260,267,18,262
Carp,1155,3,740,663,7,801
Carp,872,7,507,468,15,464
Tilapia,1312,11,726,759,25,820
Milkfish (Bangus),1275,1,889,988,14,989
Catfish (Hito),701,5,478,519,24,518
Carp,1176,4,773,858,30,958
Catfish (Hito),598,3,497,502,30,542
Catfish (Hito),386,2,305,297,19,317
Catfish (Hito),967,4,795,752,3,790
Carp,256,6,170,152,26,152
Tilapia,810,1,548,485,8,542
Milkfish (Bangus),728,11,590,537,16,554
Milkfish (Bangus),331,8,320,302,6,274
Milkfish (Bangus),409,6,389,418,24,401
Catfish (Hito),1267,7,999,1077,14,883
Catfish (Hito),860,3,548,597,10,589
Tilapia,1163,11,718,694,30,746
Carp,1256,1,662,681,9,760
Catfish (Hito),623,3,526,482,13,508
Catfish (Hito),987,8,645,665,3,632
Milkfish (Bangus),888,6,747,775,13,783
Tilapia,1241,3,857,933,21,912
Tilapia,1446,11,836,732,27,842
Catfish (Hito),798,12,586,522,23,566
Catfish (Hito),1354,6,1028,972,4,960
Tilapia,914,12,601,631,10,587
Carp,717,7,448,453,23,447
Tilapia,384,5,260,273,6,298
Milkfish (Bangus),476,10,419,389,17,398
Tilapia,1048,6,630,583,9,645
Catfish (Hito),546,11,347,306,6,325
Tilapia,1010,10,591,523,3,543
Milkfish (Bangus),310,7,278,294,20,258
Tilapia,1336,7,712,701,22,731
Carp,638,6,390,345,13,392
Milkfish (Bangus),468,3,335,326,3,395
Catfish (Hito),1275,12,916,904,28,949
Milkfish (Bangus),308,11,261,258,28,268
Milkfish (Bangus),1243,3,1067,1126,9,1246
Milkfish (Bangus),260,7,219,239,7,230
Milkfish (Bangus),994,10,736,763,8,706
Catfish (Hito),941,12,659,638,26,643
Carp,567,5,321,292,22,323
Catfish (Hito),368,12,284,285,21,297
Tilapia,441,8,246,274,17,232
Carp,779,7,494,451,3,468
Carp,305,12,191,179,25,186
Milkfish (Bangus),697,2,642,588,26,648
Carp,547,9,338,324,6,299
Catfish (Hito),1333,3,1023,901,23,1142
Tilapia,968,10,518,571,17,552
Carp,1282,7,794,834,21,816
Tilapia,532,5,363,363,8,394
Tilapia,1136,1,767,730,18,828
Milkfish (Bangus),384,7,362,339,20,322
Milkfish (Bangus),632,5,513,461,18,578
Milkfish (Bangus),506,8,437,385,17,365
Tilapia,1465,9,769,828,21,794
Carp,344,10,205,190,22,209
Tilapia,614,2,365,391,10,419
Catfish (Hito),1379,10,1060,1080,9,991
Tilapia,294,9,176,182,25,178
Carp,255,7,167,167,30,164
Catfish (Hito),846,3,548,540,23,608
Tilapia,825,10,465,523,15,452
Catfish (Hito),262,1,203,187,13,206
Carp,1154,9,757,725,5,702
Carp,388,7,255,229,22,216
Milkfish (Bangus),601,9,575,590,3,544
Carp,1449,8,894,857,26,804
Milkfish (Bangus),614,6,492,446,12,461
Carp,808,1,424,410,11,447
